{
  "lf_sim_time_s": 130.0552761554718,
  "hf_sim_time_s": 757.8811137676239,
  "mf_npe_s": 51.14458751678467,
  "obs_load_s": 0.0008873939514160156,
  "nltp_mf": 9.781709671020508,
  "nltp_lf": 12.703845024108887
}