{
  "lf_sim_time_s": 140.22711086273193,
  "hf_sim_time_s": 7423.372770547867,
  "mf_npe_s": 57.9124276638031,
  "obs_load_s": 0.0010356903076171875,
  "nltp_mf": 8.846268653869629,
  "nltp_lf": 13.247882843017578
}