{
  "lf_sim_time_s": 1616.2923183441162,
  "hf_sim_time_s": 7391.844868183136,
  "mf_npe_s": 410.93261766433716,
  "obs_load_s": 0.0006449222564697266,
  "nltp_mf": 9.444969177246094,
  "nltp_lf": 10.9507417678833
}