{
  "lf_sim_time_s": 0,
  "hf_sim_time_s": 0,
  "mf_npe_s": 408.9235215187073,
  "obs_load_s": 0.0011477470397949219,
  "nltp_mf": 9.33456039428711,
  "nltp_lf": 10.950055122375488
}